,date,temperature,month,month_sin,month_cos,day,day_sin,day_cos,hours,hours_sin,hours_cos
0,1709251200,3.9402456,3,1.0,6.123233995736766e-17,1,0.20791169081775931,0.9781476007338057,0,0.0,1.0
1,1709254800,4.380245,3,1.0,6.123233995736766e-17,1,0.20791169081775931,0.9781476007338057,1,0.25881904510252074,0.9659258262890683
2,1709258400,4.8002453,3,1.0,6.123233995736766e-17,1,0.20791169081775931,0.9781476007338057,2,0.49999999999999994,0.8660254037844387
3,1709262000,5.540245,3,1.0,6.123233995736766e-17,1,0.20791169081775931,0.9781476007338057,3,0.7071067811865475,0.7071067811865476
4,1709265600,5.960245,3,1.0,6.123233995736766e-17,1,0.20791169081775931,0.9781476007338057,4,0.8660254037844386,0.5000000000000001
5,1709269200,6.230245,3,1.0,6.123233995736766e-17,1,0.20791169081775931,0.9781476007338057,5,0.9659258262890683,0.25881904510252074
6,1709272800,6.380245,3,1.0,6.123233995736766e-17,1,0.20791169081775931,0.9781476007338057,6,1.0,6.123233995736766e-17
7,1709276400,6.750245,3,1.0,6.123233995736766e-17,1,0.20791169081775931,0.9781476007338057,7,0.9659258262890683,-0.25881904510252063
8,1709280000,7.3002453,3,1.0,6.123233995736766e-17,1,0.20791169081775931,0.9781476007338057,8,0.8660254037844387,-0.4999999999999998
9,1709283600,7.860245,3,1.0,6.123233995736766e-17,1,0.20791169081775931,0.9781476007338057,9,0.7071067811865476,-0.7071067811865475
10,1709287200,8.260245,3,1.0,6.123233995736766e-17,1,0.20791169081775931,0.9781476007338057,10,0.49999999999999994,-0.8660254037844387
11,1709290800,8.470245,3,1.0,6.123233995736766e-17,1,0.20791169081775931,0.9781476007338057,11,0.258819045102521,-0.9659258262890682
12,1709294400,8.690246,3,1.0,6.123233995736766e-17,1,0.20791169081775931,0.9781476007338057,12,1.2246467991473532e-16,-1.0
13,1709298000,9.210245,3,1.0,6.123233995736766e-17,1,0.20791169081775931,0.9781476007338057,13,-0.2588190451025208,-0.9659258262890683
14,1709301600,9.680245,3,1.0,6.123233995736766e-17,1,0.20791169081775931,0.9781476007338057,14,-0.4999999999999997,-0.8660254037844388
15,1709305200,9.8102455,3,1.0,6.123233995736766e-17,1,0.20791169081775931,0.9781476007338057,15,-0.7071067811865471,-0.7071067811865479
16,1709308800,9.620245,3,1.0,6.123233995736766e-17,1,0.20791169081775931,0.9781476007338057,16,-0.8660254037844384,-0.5000000000000004
17,1709312400,8.090245,3,1.0,6.123233995736766e-17,1,0.20791169081775931,0.9781476007338057,17,-0.9659258262890683,-0.25881904510252063
18,1709316000,6.270245,3,1.0,6.123233995736766e-17,1,0.20791169081775931,0.9781476007338057,18,-1.0,-1.8369701987210297e-16
19,1709319600,5.630245,3,1.0,6.123233995736766e-17,1,0.20791169081775931,0.9781476007338057,19,-0.9659258262890684,0.2588190451025203
20,1709323200,5.380245,3,1.0,6.123233995736766e-17,1,0.20791169081775931,0.9781476007338057,20,-0.8660254037844386,0.5000000000000001
21,1709326800,5.0302453,3,1.0,6.123233995736766e-17,1,0.20791169081775931,0.9781476007338057,21,-0.7071067811865477,0.7071067811865474
22,1709330400,4.5702453,3,1.0,6.123233995736766e-17,1,0.20791169081775931,0.9781476007338057,22,-0.5000000000000004,0.8660254037844384
23,1709334000,3.8802452,3,1.0,6.123233995736766e-17,1,0.20791169081775931,0.9781476007338057,23,-0.25881904510252157,0.9659258262890681
24,1709337600,3.2702456,3,1.0,6.123233995736766e-17,2,0.40673664307580015,0.9135454576426009,0,0.0,1.0
25,1709341200,3.1602454,3,1.0,6.123233995736766e-17,2,0.40673664307580015,0.9135454576426009,1,0.25881904510252074,0.9659258262890683
26,1709344800,3.0002456,3,1.0,6.123233995736766e-17,2,0.40673664307580015,0.9135454576426009,2,0.49999999999999994,0.8660254037844387
27,1709348400,2.9002452,3,1.0,6.123233995736766e-17,2,0.40673664307580015,0.9135454576426009,3,0.7071067811865475,0.7071067811865476
28,1709352000,3.1502452,3,1.0,6.123233995736766e-17,2,0.40673664307580015,0.9135454576426009,4,0.8660254037844386,0.5000000000000001
29,1709355600,3.5702453,3,1.0,6.123233995736766e-17,2,0.40673664307580015,0.9135454576426009,5,0.9659258262890683,0.25881904510252074
30,1709359200,3.6002455,3,1.0,6.123233995736766e-17,2,0.40673664307580015,0.9135454576426009,6,1.0,6.123233995736766e-17
31,1709362800,3.9802456,3,1.0,6.123233995736766e-17,2,0.40673664307580015,0.9135454576426009,7,0.9659258262890683,-0.25881904510252063
32,1709366400,6.3402452,3,1.0,6.123233995736766e-17,2,0.40673664307580015,0.9135454576426009,8,0.8660254037844387,-0.4999999999999998
33,1709370000,8.960245,3,1.0,6.123233995736766e-17,2,0.40673664307580015,0.9135454576426009,9,0.7071067811865476,-0.7071067811865475
34,1709373600,10.510245,3,1.0,6.123233995736766e-17,2,0.40673664307580015,0.9135454576426009,10,0.49999999999999994,-0.8660254037844387
35,1709377200,12.360246,3,1.0,6.123233995736766e-17,2,0.40673664307580015,0.9135454576426009,11,0.258819045102521,-0.9659258262890682
36,1709380800,13.320246,3,1.0,6.123233995736766e-17,2,0.40673664307580015,0.9135454576426009,12,1.2246467991473532e-16,-1.0
37,1709384400,13.970245,3,1.0,6.123233995736766e-17,2,0.40673664307580015,0.9135454576426009,13,-0.2588190451025208,-0.9659258262890683
38,1709388000,13.860246,3,1.0,6.123233995736766e-17,2,0.40673664307580015,0.9135454576426009,14,-0.4999999999999997,-0.8660254037844388
39,1709391600,14.030245,3,1.0,6.123233995736766e-17,2,0.40673664307580015,0.9135454576426009,15,-0.7071067811865471,-0.7071067811865479
40,1709395200,13.410245,3,1.0,6.123233995736766e-17,2,0.40673664307580015,0.9135454576426009,16,-0.8660254037844384,-0.5000000000000004
41,1709398800,11.300245,3,1.0,6.123233995736766e-17,2,0.40673664307580015,0.9135454576426009,17,-0.9659258262890683,-0.25881904510252063
42,1709402400,10.860246,3,1.0,6.123233995736766e-17,2,0.40673664307580015,0.9135454576426009,18,-1.0,-1.8369701987210297e-16
43,1709406000,9.960245,3,1.0,6.123233995736766e-17,2,0.40673664307580015,0.9135454576426009,19,-0.9659258262890684,0.2588190451025203
44,1709409600,7.1002455,3,1.0,6.123233995736766e-17,2,0.40673664307580015,0.9135454576426009,20,-0.8660254037844386,0.5000000000000001
45,1709413200,6.4902453,3,1.0,6.123233995736766e-17,2,0.40673664307580015,0.9135454576426009,21,-0.7071067811865477,0.7071067811865474
46,1709416800,6.770245,3,1.0,6.123233995736766e-17,2,0.40673664307580015,0.9135454576426009,22,-0.5000000000000004,0.8660254037844384
47,1709420400,5.6402454,3,1.0,6.123233995736766e-17,2,0.40673664307580015,0.9135454576426009,23,-0.25881904510252157,0.9659258262890681
48,1709424000,5.750245,3,1.0,6.123233995736766e-17,3,0.5877852522924731,0.8090169943749475,0,0.0,1.0
49,1709427600,5.9102454,3,1.0,6.123233995736766e-17,3,0.5877852522924731,0.8090169943749475,1,0.25881904510252074,0.9659258262890683
50,1709431200,6.3502455,3,1.0,6.123233995736766e-17,3,0.5877852522924731,0.8090169943749475,2,0.49999999999999994,0.8660254037844387
51,1709434800,6.1802454,3,1.0,6.123233995736766e-17,3,0.5877852522924731,0.8090169943749475,3,0.7071067811865475,0.7071067811865476
52,1709438400,5.8002453,3,1.0,6.123233995736766e-17,3,0.5877852522924731,0.8090169943749475,4,0.8660254037844386,0.5000000000000001
53,1709442000,5.7202454,3,1.0,6.123233995736766e-17,3,0.5877852522924731,0.8090169943749475,5,0.9659258262890683,0.25881904510252074
54,1709445600,5.3002453,3,1.0,6.123233995736766e-17,3,0.5877852522924731,0.8090169943749475,6,1.0,6.123233995736766e-17
55,1709449200,5.650245,3,1.0,6.123233995736766e-17,3,0.5877852522924731,0.8090169943749475,7,0.9659258262890683,-0.25881904510252063
56,1709452800,7.3502455,3,1.0,6.123233995736766e-17,3,0.5877852522924731,0.8090169943749475,8,0.8660254037844387,-0.4999999999999998
57,1709456400,9.700245,3,1.0,6.123233995736766e-17,3,0.5877852522924731,0.8090169943749475,9,0.7071067811865476,-0.7071067811865475
58,1709460000,11.280245,3,1.0,6.123233995736766e-17,3,0.5877852522924731,0.8090169943749475,10,0.49999999999999994,-0.8660254037844387
59,1709463600,11.730246,3,1.0,6.123233995736766e-17,3,0.5877852522924731,0.8090169943749475,11,0.258819045102521,-0.9659258262890682
60,1709467200,12.140245,3,1.0,6.123233995736766e-17,3,0.5877852522924731,0.8090169943749475,12,1.2246467991473532e-16,-1.0
61,1709470800,12.850245,3,1.0,6.123233995736766e-17,3,0.5877852522924731,0.8090169943749475,13,-0.2588190451025208,-0.9659258262890683
62,1709474400,13.3102455,3,1.0,6.123233995736766e-17,3,0.5877852522924731,0.8090169943749475,14,-0.4999999999999997,-0.8660254037844388
63,1709478000,13.030245,3,1.0,6.123233995736766e-17,3,0.5877852522924731,0.8090169943749475,15,-0.7071067811865471,-0.7071067811865479
64,1709481600,12.130245,3,1.0,6.123233995736766e-17,3,0.5877852522924731,0.8090169943749475,16,-0.8660254037844384,-0.5000000000000004
65,1709485200,10.650246,3,1.0,6.123233995736766e-17,3,0.5877852522924731,0.8090169943749475,17,-0.9659258262890683,-0.25881904510252063
66,1709488800,9.190246,3,1.0,6.123233995736766e-17,3,0.5877852522924731,0.8090169943749475,18,-1.0,-1.8369701987210297e-16
67,1709492400,8.050245,3,1.0,6.123233995736766e-17,3,0.5877852522924731,0.8090169943749475,19,-0.9659258262890684,0.2588190451025203
68,1709496000,8.250245,3,1.0,6.123233995736766e-17,3,0.5877852522924731,0.8090169943749475,20,-0.8660254037844386,0.5000000000000001
69,1709499600,7.940245,3,1.0,6.123233995736766e-17,3,0.5877852522924731,0.8090169943749475,21,-0.7071067811865477,0.7071067811865474
70,1709503200,8.410246,3,1.0,6.123233995736766e-17,3,0.5877852522924731,0.8090169943749475,22,-0.5000000000000004,0.8660254037844384
71,1709506800,7.900245,3,1.0,6.123233995736766e-17,3,0.5877852522924731,0.8090169943749475,23,-0.25881904510252157,0.9659258262890681
72,1709510400,7.5302453,3,1.0,6.123233995736766e-17,4,0.7431448254773941,0.6691306063588582,0,0.0,1.0
73,1709514000,7.1202455,3,1.0,6.123233995736766e-17,4,0.7431448254773941,0.6691306063588582,1,0.25881904510252074,0.9659258262890683
74,1709517600,6.7602453,3,1.0,6.123233995736766e-17,4,0.7431448254773941,0.6691306063588582,2,0.49999999999999994,0.8660254037844387
75,1709521200,6.5702453,3,1.0,6.123233995736766e-17,4,0.7431448254773941,0.6691306063588582,3,0.7071067811865475,0.7071067811865476
76,1709524800,6.420245,3,1.0,6.123233995736766e-17,4,0.7431448254773941,0.6691306063588582,4,0.8660254037844386,0.5000000000000001
77,1709528400,6.380245,3,1.0,6.123233995736766e-17,4,0.7431448254773941,0.6691306063588582,5,0.9659258262890683,0.25881904510252074
78,1709532000,6.3402452,3,1.0,6.123233995736766e-17,4,0.7431448254773941,0.6691306063588582,6,1.0,6.123233995736766e-17
79,1709535600,6.3102455,3,1.0,6.123233995736766e-17,4,0.7431448254773941,0.6691306063588582,7,0.9659258262890683,-0.25881904510252063
80,1709539200,6.420245,3,1.0,6.123233995736766e-17,4,0.7431448254773941,0.6691306063588582,8,0.8660254037844387,-0.4999999999999998
81,1709542800,6.8302455,3,1.0,6.123233995736766e-17,4,0.7431448254773941,0.6691306063588582,9,0.7071067811865476,-0.7071067811865475
82,1709546400,7.4302454,3,1.0,6.123233995736766e-17,4,0.7431448254773941,0.6691306063588582,10,0.49999999999999994,-0.8660254037844387
83,1709550000,7.8702455,3,1.0,6.123233995736766e-17,4,0.7431448254773941,0.6691306063588582,11,0.258819045102521,-0.9659258262890682
84,1709553600,8.460245,3,1.0,6.123233995736766e-17,4,0.7431448254773941,0.6691306063588582,12,1.2246467991473532e-16,-1.0
85,1709557200,8.930245,3,1.0,6.123233995736766e-17,4,0.7431448254773941,0.6691306063588582,13,-0.2588190451025208,-0.9659258262890683
86,1709560800,9.230246,3,1.0,6.123233995736766e-17,4,0.7431448254773941,0.6691306063588582,14,-0.4999999999999997,-0.8660254037844388
87,1709564400,9.230246,3,1.0,6.123233995736766e-17,4,0.7431448254773941,0.6691306063588582,15,-0.7071067811865471,-0.7071067811865479
88,1709568000,9.080245,3,1.0,6.123233995736766e-17,4,0.7431448254773941,0.6691306063588582,16,-0.8660254037844384,-0.5000000000000004
89,1709571600,8.670245,3,1.0,6.123233995736766e-17,4,0.7431448254773941,0.6691306063588582,17,-0.9659258262890683,-0.25881904510252063
90,1709575200,7.9902453,3,1.0,6.123233995736766e-17,4,0.7431448254773941,0.6691306063588582,18,-1.0,-1.8369701987210297e-16
91,1709578800,7.690245,3,1.0,6.123233995736766e-17,4,0.7431448254773941,0.6691306063588582,19,-0.9659258262890684,0.2588190451025203
92,1709582400,7.4102454,3,1.0,6.123233995736766e-17,4,0.7431448254773941,0.6691306063588582,20,-0.8660254037844386,0.5000000000000001
93,1709586000,7.540245,3,1.0,6.123233995736766e-17,4,0.7431448254773941,0.6691306063588582,21,-0.7071067811865477,0.7071067811865474
94,1709589600,7.3002453,3,1.0,6.123233995736766e-17,4,0.7431448254773941,0.6691306063588582,22,-0.5000000000000004,0.8660254037844384
95,1709593200,7.400245,3,1.0,6.123233995736766e-17,4,0.7431448254773941,0.6691306063588582,23,-0.25881904510252157,0.9659258262890681
96,1709596800,7.520245,3,1.0,6.123233995736766e-17,5,0.8660254037844386,0.5000000000000001,0,0.0,1.0
97,1709600400,7.2602453,3,1.0,6.123233995736766e-17,5,0.8660254037844386,0.5000000000000001,1,0.25881904510252074,0.9659258262890683
98,1709604000,7.1602454,3,1.0,6.123233995736766e-17,5,0.8660254037844386,0.5000000000000001,2,0.49999999999999994,0.8660254037844387
99,1709607600,6.880245,3,1.0,6.123233995736766e-17,5,0.8660254037844386,0.5000000000000001,3,0.7071067811865475,0.7071067811865476
100,1709611200,6.8502455,3,1.0,6.123233995736766e-17,5,0.8660254037844386,0.5000000000000001,4,0.8660254037844386,0.5000000000000001
101,1709614800,7.0102453,3,1.0,6.123233995736766e-17,5,0.8660254037844386,0.5000000000000001,5,0.9659258262890683,0.25881904510252074
102,1709618400,6.790245,3,1.0,6.123233995736766e-17,5,0.8660254037844386,0.5000000000000001,6,1.0,6.123233995736766e-17
103,1709622000,6.630245,3,1.0,6.123233995736766e-17,5,0.8660254037844386,0.5000000000000001,7,0.9659258262890683,-0.25881904510252063
104,1709625600,6.730245,3,1.0,6.123233995736766e-17,5,0.8660254037844386,0.5000000000000001,8,0.8660254037844387,-0.4999999999999998
105,1709629200,7.2002454,3,1.0,6.123233995736766e-17,5,0.8660254037844386,0.5000000000000001,9,0.7071067811865476,-0.7071067811865475
106,1709632800,8.000245,3,1.0,6.123233995736766e-17,5,0.8660254037844386,0.5000000000000001,10,0.49999999999999994,-0.8660254037844387
107,1709636400,8.720245,3,1.0,6.123233995736766e-17,5,0.8660254037844386,0.5000000000000001,11,0.258819045102521,-0.9659258262890682
108,1709640000,9.500245,3,1.0,6.123233995736766e-17,5,0.8660254037844386,0.5000000000000001,12,1.2246467991473532e-16,-1.0
109,1709643600,9.780245,3,1.0,6.123233995736766e-17,5,0.8660254037844386,0.5000000000000001,13,-0.2588190451025208,-0.9659258262890683
110,1709647200,10.090245,3,1.0,6.123233995736766e-17,5,0.8660254037844386,0.5000000000000001,14,-0.4999999999999997,-0.8660254037844388
111,1709650800,10.030245,3,1.0,6.123233995736766e-17,5,0.8660254037844386,0.5000000000000001,15,-0.7071067811865471,-0.7071067811865479
112,1709654400,9.590245,3,1.0,6.123233995736766e-17,5,0.8660254037844386,0.5000000000000001,16,-0.8660254037844384,-0.5000000000000004
113,1709658000,8.610246,3,1.0,6.123233995736766e-17,5,0.8660254037844386,0.5000000000000001,17,-0.9659258262890683,-0.25881904510252063
114,1709661600,7.3202453,3,1.0,6.123233995736766e-17,5,0.8660254037844386,0.5000000000000001,18,-1.0,-1.8369701987210297e-16
115,1709665200,7.170245,3,1.0,6.123233995736766e-17,5,0.8660254037844386,0.5000000000000001,19,-0.9659258262890684,0.2588190451025203
116,1709668800,6.7802453,3,1.0,6.123233995736766e-17,5,0.8660254037844386,0.5000000000000001,20,-0.8660254037844386,0.5000000000000001
117,1709672400,6.7202454,3,1.0,6.123233995736766e-17,5,0.8660254037844386,0.5000000000000001,21,-0.7071067811865477,0.7071067811865474
118,1709676000,6.4902453,3,1.0,6.123233995736766e-17,5,0.8660254037844386,0.5000000000000001,22,-0.5000000000000004,0.8660254037844384
119,1709679600,6.4302454,3,1.0,6.123233995736766e-17,5,0.8660254037844386,0.5000000000000001,23,-0.25881904510252157,0.9659258262890681
120,1709683200,6.190245,3,1.0,6.123233995736766e-17,6,0.9510565162951535,0.30901699437494745,0,0.0,1.0
121,1709686800,6.130245,3,1.0,6.123233995736766e-17,6,0.9510565162951535,0.30901699437494745,1,0.25881904510252074,0.9659258262890683
122,1709690400,5.9702454,3,1.0,6.123233995736766e-17,6,0.9510565162951535,0.30901699437494745,2,0.49999999999999994,0.8660254037844387
123,1709694000,5.710245,3,1.0,6.123233995736766e-17,6,0.9510565162951535,0.30901699437494745,3,0.7071067811865475,0.7071067811865476
124,1709697600,5.6202455,3,1.0,6.123233995736766e-17,6,0.9510565162951535,0.30901699437494745,4,0.8660254037844386,0.5000000000000001
125,1709701200,5.6402454,3,1.0,6.123233995736766e-17,6,0.9510565162951535,0.30901699437494745,5,0.9659258262890683,0.25881904510252074
126,1709704800,5.5302453,3,1.0,6.123233995736766e-17,6,0.9510565162951535,0.30901699437494745,6,1.0,6.123233995736766e-17
127,1709708400,5.500245,3,1.0,6.123233995736766e-17,6,0.9510565162951535,0.30901699437494745,7,0.9659258262890683,-0.25881904510252063
128,1709712000,5.8502455,3,1.0,6.123233995736766e-17,6,0.9510565162951535,0.30901699437494745,8,0.8660254037844387,-0.4999999999999998
129,1709715600,6.400245,3,1.0,6.123233995736766e-17,6,0.9510565162951535,0.30901699437494745,9,0.7071067811865476,-0.7071067811865475
130,1709719200,7.0302453,3,1.0,6.123233995736766e-17,6,0.9510565162951535,0.30901699437494745,10,0.49999999999999994,-0.8660254037844387
131,1709722800,7.460245,3,1.0,6.123233995736766e-17,6,0.9510565162951535,0.30901699437494745,11,0.258819045102521,-0.9659258262890682
132,1709726400,8.040245,3,1.0,6.123233995736766e-17,6,0.9510565162951535,0.30901699437494745,12,1.2246467991473532e-16,-1.0
133,1709730000,8.610246,3,1.0,6.123233995736766e-17,6,0.9510565162951535,0.30901699437494745,13,-0.2588190451025208,-0.9659258262890683
134,1709733600,8.470245,3,1.0,6.123233995736766e-17,6,0.9510565162951535,0.30901699437494745,14,-0.4999999999999997,-0.8660254037844388
135,1709737200,8.040245,3,1.0,6.123233995736766e-17,6,0.9510565162951535,0.30901699437494745,15,-0.7071067811865471,-0.7071067811865479
136,1709740800,7.5302453,3,1.0,6.123233995736766e-17,6,0.9510565162951535,0.30901699437494745,16,-0.8660254037844384,-0.5000000000000004
137,1709744400,6.790245,3,1.0,6.123233995736766e-17,6,0.9510565162951535,0.30901699437494745,17,-0.9659258262890683,-0.25881904510252063
138,1709748000,6.020245,3,1.0,6.123233995736766e-17,6,0.9510565162951535,0.30901699437494745,18,-1.0,-1.8369701987210297e-16
139,1709751600,5.7202454,3,1.0,6.123233995736766e-17,6,0.9510565162951535,0.30901699437494745,19,-0.9659258262890684,0.2588190451025203
140,1709755200,5.4702454,3,1.0,6.123233995736766e-17,6,0.9510565162951535,0.30901699437494745,20,-0.8660254037844386,0.5000000000000001
141,1709758800,5.380245,3,1.0,6.123233995736766e-17,6,0.9510565162951535,0.30901699437494745,21,-0.7071067811865477,0.7071067811865474
142,1709762400,5.630245,3,1.0,6.123233995736766e-17,6,0.9510565162951535,0.30901699437494745,22,-0.5000000000000004,0.8660254037844384
143,1709766000,5.6002455,3,1.0,6.123233995736766e-17,6,0.9510565162951535,0.30901699437494745,23,-0.25881904510252157,0.9659258262890681
144,1709769600,5.8002453,3,1.0,6.123233995736766e-17,7,0.9945218953682733,0.10452846326765346,0,0.0,1.0
145,1709773200,5.8902454,3,1.0,6.123233995736766e-17,7,0.9945218953682733,0.10452846326765346,1,0.25881904510252074,0.9659258262890683
146,1709776800,6.150245,3,1.0,6.123233995736766e-17,7,0.9945218953682733,0.10452846326765346,2,0.49999999999999994,0.8660254037844387
147,1709780400,6.460245,3,1.0,6.123233995736766e-17,7,0.9945218953682733,0.10452846326765346,3,0.7071067811865475,0.7071067811865476
148,1709784000,6.5302453,3,1.0,6.123233995736766e-17,7,0.9945218953682733,0.10452846326765346,4,0.8660254037844386,0.5000000000000001
149,1709787600,6.4902453,3,1.0,6.123233995736766e-17,7,0.9945218953682733,0.10452846326765346,5,0.9659258262890683,0.25881904510252074
150,1709791200,5.8902454,3,1.0,6.123233995736766e-17,7,0.9945218953682733,0.10452846326765346,6,1.0,6.123233995736766e-17
151,1709794800,6.0802455,3,1.0,6.123233995736766e-17,7,0.9945218953682733,0.10452846326765346,7,0.9659258262890683,-0.25881904510252063
152,1709798400,6.3202453,3,1.0,6.123233995736766e-17,7,0.9945218953682733,0.10452846326765346,8,0.8660254037844387,-0.4999999999999998
153,1709802000,6.630245,3,1.0,6.123233995736766e-17,7,0.9945218953682733,0.10452846326765346,9,0.7071067811865476,-0.7071067811865475
154,1709805600,7.170245,3,1.0,6.123233995736766e-17,7,0.9945218953682733,0.10452846326765346,10,0.49999999999999994,-0.8660254037844387
155,1709809200,7.5802455,3,1.0,6.123233995736766e-17,7,0.9945218953682733,0.10452846326765346,11,0.258819045102521,-0.9659258262890682
156,1709812800,8.170245,3,1.0,6.123233995736766e-17,7,0.9945218953682733,0.10452846326765346,12,1.2246467991473532e-16,-1.0
157,1709816400,8.610246,3,1.0,6.123233995736766e-17,7,0.9945218953682733,0.10452846326765346,13,-0.2588190451025208,-0.9659258262890683
158,1709820000,8.670245,3,1.0,6.123233995736766e-17,7,0.9945218953682733,0.10452846326765346,14,-0.4999999999999997,-0.8660254037844388
159,1709823600,8.510245,3,1.0,6.123233995736766e-17,7,0.9945218953682733,0.10452846326765346,15,-0.7071067811865471,-0.7071067811865479
160,1709827200,8.100245,3,1.0,6.123233995736766e-17,7,0.9945218953682733,0.10452846326765346,16,-0.8660254037844384,-0.5000000000000004
161,1709830800,7.110245,3,1.0,6.123233995736766e-17,7,0.9945218953682733,0.10452846326765346,17,-0.9659258262890683,-0.25881904510252063
162,1709834400,5.460245,3,1.0,6.123233995736766e-17,7,0.9945218953682733,0.10452846326765346,18,-1.0,-1.8369701987210297e-16
163,1709838000,4.4802456,3,1.0,6.123233995736766e-17,7,0.9945218953682733,0.10452846326765346,19,-0.9659258262890684,0.2588190451025203
164,1709841600,3.8402452,3,1.0,6.123233995736766e-17,7,0.9945218953682733,0.10452846326765346,20,-0.8660254037844386,0.5000000000000001
165,1709845200,3.0802455,3,1.0,6.123233995736766e-17,7,0.9945218953682733,0.10452846326765346,21,-0.7071067811865477,0.7071067811865474
166,1709848800,2.1302454,3,1.0,6.123233995736766e-17,7,0.9945218953682733,0.10452846326765346,22,-0.5000000000000004,0.8660254037844384
167,1709852400,1.3002454,3,1.0,6.123233995736766e-17,7,0.9945218953682733,0.10452846326765346,23,-0.25881904510252157,0.9659258262890681
168,1709856000,0.8302454,3,1.0,6.123233995736766e-17,8,0.9945218953682734,-0.10452846326765333,0,0.0,1.0
169,1709859600,0.5602454,3,1.0,6.123233995736766e-17,8,0.9945218953682734,-0.10452846326765333,1,0.25881904510252074,0.9659258262890683
170,1709863200,0.3902454,3,1.0,6.123233995736766e-17,8,0.9945218953682734,-0.10452846326765333,2,0.49999999999999994,0.8660254037844387
171,1709866800,0.19024539,3,1.0,6.123233995736766e-17,8,0.9945218953682734,-0.10452846326765333,3,0.7071067811865475,0.7071067811865476
172,1709870400,0.11024541,3,1.0,6.123233995736766e-17,8,0.9945218953682734,-0.10452846326765333,4,0.8660254037844386,0.5000000000000001
173,1709874000,0.1502454,3,1.0,6.123233995736766e-17,8,0.9945218953682734,-0.10452846326765333,5,0.9659258262890683,0.25881904510252074
174,1709877600,0.17024541,3,1.0,6.123233995736766e-17,8,0.9945218953682734,-0.10452846326765333,6,1.0,6.123233995736766e-17
175,1709881200,1.2802454,3,1.0,6.123233995736766e-17,8,0.9945218953682734,-0.10452846326765333,7,0.9659258262890683,-0.25881904510252063
176,1709884800,3.4802456,3,1.0,6.123233995736766e-17,8,0.9945218953682734,-0.10452846326765333,8,0.8660254037844387,-0.4999999999999998
177,1709888400,5.4702454,3,1.0,6.123233995736766e-17,8,0.9945218953682734,-0.10452846326765333,9,0.7071067811865476,-0.7071067811865475
178,1709892000,6.9302454,3,1.0,6.123233995736766e-17,8,0.9945218953682734,-0.10452846326765333,10,0.49999999999999994,-0.8660254037844387
179,1709895600,8.5602455,3,1.0,6.123233995736766e-17,8,0.9945218953682734,-0.10452846326765333,11,0.258819045102521,-0.9659258262890682
180,1709899200,9.920245,3,1.0,6.123233995736766e-17,8,0.9945218953682734,-0.10452846326765333,12,1.2246467991473532e-16,-1.0
181,1709902800,10.980246,3,1.0,6.123233995736766e-17,8,0.9945218953682734,-0.10452846326765333,13,-0.2588190451025208,-0.9659258262890683
182,1709906400,11.390245,3,1.0,6.123233995736766e-17,8,0.9945218953682734,-0.10452846326765333,14,-0.4999999999999997,-0.8660254037844388
183,1709910000,11.350245,3,1.0,6.123233995736766e-17,8,0.9945218953682734,-0.10452846326765333,15,-0.7071067811865471,-0.7071067811865479
184,1709913600,10.600245,3,1.0,6.123233995736766e-17,8,0.9945218953682734,-0.10452846326765333,16,-0.8660254037844384,-0.5000000000000004
185,1709917200,8.790245,3,1.0,6.123233995736766e-17,8,0.9945218953682734,-0.10452846326765333,17,-0.9659258262890683,-0.25881904510252063
186,1709920800,7.1802454,3,1.0,6.123233995736766e-17,8,0.9945218953682734,-0.10452846326765333,18,-1.0,-1.8369701987210297e-16
187,1709924400,6.360245,3,1.0,6.123233995736766e-17,8,0.9945218953682734,-0.10452846326765333,19,-0.9659258262890684,0.2588190451025203
188,1709928000,6.0802455,3,1.0,6.123233995736766e-17,8,0.9945218953682734,-0.10452846326765333,20,-0.8660254037844386,0.5000000000000001
189,1709931600,5.650245,3,1.0,6.123233995736766e-17,8,0.9945218953682734,-0.10452846326765333,21,-0.7071067811865477,0.7071067811865474
190,1709935200,5.9702454,3,1.0,6.123233995736766e-17,8,0.9945218953682734,-0.10452846326765333,22,-0.5000000000000004,0.8660254037844384
191,1709938800,5.9102454,3,1.0,6.123233995736766e-17,8,0.9945218953682734,-0.10452846326765333,23,-0.25881904510252157,0.9659258262890681
192,1709942400,6.3402452,3,1.0,6.123233995736766e-17,9,0.9510565162951536,-0.30901699437494734,0,0.0,1.0
193,1709946000,6.2002454,3,1.0,6.123233995736766e-17,9,0.9510565162951536,-0.30901699437494734,1,0.25881904510252074,0.9659258262890683
194,1709949600,5.6802454,3,1.0,6.123233995736766e-17,9,0.9510565162951536,-0.30901699437494734,2,0.49999999999999994,0.8660254037844387
195,1709953200,4.670245,3,1.0,6.123233995736766e-17,9,0.9510565162951536,-0.30901699437494734,3,0.7071067811865475,0.7071067811865476
196,1709956800,3.5202456,3,1.0,6.123233995736766e-17,9,0.9510565162951536,-0.30901699437494734,4,0.8660254037844386,0.5000000000000001
197,1709960400,2.9802456,3,1.0,6.123233995736766e-17,9,0.9510565162951536,-0.30901699437494734,5,0.9659258262890683,0.25881904510252074
198,1709964000,2.5702453,3,1.0,6.123233995736766e-17,9,0.9510565162951536,-0.30901699437494734,6,1.0,6.123233995736766e-17
199,1709967600,3.8302455,3,1.0,6.123233995736766e-17,9,0.9510565162951536,-0.30901699437494734,7,0.9659258262890683,-0.25881904510252063
200,1709971200,6.4702454,3,1.0,6.123233995736766e-17,9,0.9510565162951536,-0.30901699437494734,8,0.8660254037844387,-0.4999999999999998
201,1709974800,8.940246,3,1.0,6.123233995736766e-17,9,0.9510565162951536,-0.30901699437494734,9,0.7071067811865476,-0.7071067811865475
202,1709978400,10.830245,3,1.0,6.123233995736766e-17,9,0.9510565162951536,-0.30901699437494734,10,0.49999999999999994,-0.8660254037844387
203,1709982000,12.220245,3,1.0,6.123233995736766e-17,9,0.9510565162951536,-0.30901699437494734,11,0.258819045102521,-0.9659258262890682
204,1709985600,13.300245,3,1.0,6.123233995736766e-17,9,0.9510565162951536,-0.30901699437494734,12,1.2246467991473532e-16,-1.0
205,1709989200,14.120245,3,1.0,6.123233995736766e-17,9,0.9510565162951536,-0.30901699437494734,13,-0.2588190451025208,-0.9659258262890683
206,1709992800,14.500245,3,1.0,6.123233995736766e-17,9,0.9510565162951536,-0.30901699437494734,14,-0.4999999999999997,-0.8660254037844388
207,1709996400,14.510245,3,1.0,6.123233995736766e-17,9,0.9510565162951536,-0.30901699437494734,15,-0.7071067811865471,-0.7071067811865479
208,1710000000,13.760245,3,1.0,6.123233995736766e-17,9,0.9510565162951536,-0.30901699437494734,16,-0.8660254037844384,-0.5000000000000004
209,1710003600,11.880245,3,1.0,6.123233995736766e-17,9,0.9510565162951536,-0.30901699437494734,17,-0.9659258262890683,-0.25881904510252063
210,1710007200,10.240245,3,1.0,6.123233995736766e-17,9,0.9510565162951536,-0.30901699437494734,18,-1.0,-1.8369701987210297e-16
211,1710010800,10.120245,3,1.0,6.123233995736766e-17,9,0.9510565162951536,-0.30901699437494734,19,-0.9659258262890684,0.2588190451025203
212,1710014400,9.990245,3,1.0,6.123233995736766e-17,9,0.9510565162951536,-0.30901699437494734,20,-0.8660254037844386,0.5000000000000001
213,1710018000,9.530245,3,1.0,6.123233995736766e-17,9,0.9510565162951536,-0.30901699437494734,21,-0.7071067811865477,0.7071067811865474
214,1710021600,9.110246,3,1.0,6.123233995736766e-17,9,0.9510565162951536,-0.30901699437494734,22,-0.5000000000000004,0.8660254037844384
215,1710025200,8.770246,3,1.0,6.123233995736766e-17,9,0.9510565162951536,-0.30901699437494734,23,-0.25881904510252157,0.9659258262890681
216,1710028800,8.620245,3,1.0,6.123233995736766e-17,10,0.8660254037844387,-0.4999999999999998,0,0.0,1.0
217,1710032400,8.470245,3,1.0,6.123233995736766e-17,10,0.8660254037844387,-0.4999999999999998,1,0.25881904510252074,0.9659258262890683
218,1710036000,8.010245,3,1.0,6.123233995736766e-17,10,0.8660254037844387,-0.4999999999999998,2,0.49999999999999994,0.8660254037844387
219,1710039600,7.8402452,3,1.0,6.123233995736766e-17,10,0.8660254037844387,-0.4999999999999998,3,0.7071067811865475,0.7071067811865476
220,1710043200,7.3502455,3,1.0,6.123233995736766e-17,10,0.8660254037844387,-0.4999999999999998,4,0.8660254037844386,0.5000000000000001
221,1710046800,6.730245,3,1.0,6.123233995736766e-17,10,0.8660254037844387,-0.4999999999999998,5,0.9659258262890683,0.25881904510252074
222,1710050400,6.650245,3,1.0,6.123233995736766e-17,10,0.8660254037844387,-0.4999999999999998,6,1.0,6.123233995736766e-17
223,1710054000,7.210245,3,1.0,6.123233995736766e-17,10,0.8660254037844387,-0.4999999999999998,7,0.9659258262890683,-0.25881904510252063
224,1710057600,7.920245,3,1.0,6.123233995736766e-17,10,0.8660254037844387,-0.4999999999999998,8,0.8660254037844387,-0.4999999999999998
225,1710061200,8.530246,3,1.0,6.123233995736766e-17,10,0.8660254037844387,-0.4999999999999998,9,0.7071067811865476,-0.7071067811865475
226,1710064800,9.500245,3,1.0,6.123233995736766e-17,10,0.8660254037844387,-0.4999999999999998,10,0.49999999999999994,-0.8660254037844387
227,1710068400,9.8102455,3,1.0,6.123233995736766e-17,10,0.8660254037844387,-0.4999999999999998,11,0.258819045102521,-0.9659258262890682
228,1710072000,9.990245,3,1.0,6.123233995736766e-17,10,0.8660254037844387,-0.4999999999999998,12,1.2246467991473532e-16,-1.0
229,1710075600,10.320246,3,1.0,6.123233995736766e-17,10,0.8660254037844387,-0.4999999999999998,13,-0.2588190451025208,-0.9659258262890683
230,1710079200,9.390245,3,1.0,6.123233995736766e-17,10,0.8660254037844387,-0.4999999999999998,14,-0.4999999999999997,-0.8660254037844388
231,1710082800,8.840245,3,1.0,6.123233995736766e-17,10,0.8660254037844387,-0.4999999999999998,15,-0.7071067811865471,-0.7071067811865479
232,1710086400,8.360246,3,1.0,6.123233995736766e-17,10,0.8660254037844387,-0.4999999999999998,16,-0.8660254037844384,-0.5000000000000004
233,1710090000,7.900245,3,1.0,6.123233995736766e-17,10,0.8660254037844387,-0.4999999999999998,17,-0.9659258262890683,-0.25881904510252063
234,1710093600,7.5602455,3,1.0,6.123233995736766e-17,10,0.8660254037844387,-0.4999999999999998,18,-1.0,-1.8369701987210297e-16
235,1710097200,7.3002453,3,1.0,6.123233995736766e-17,10,0.8660254037844387,-0.4999999999999998,19,-0.9659258262890684,0.2588190451025203
236,1710100800,6.9902453,3,1.0,6.123233995736766e-17,10,0.8660254037844387,-0.4999999999999998,20,-0.8660254037844386,0.5000000000000001
237,1710104400,6.6602454,3,1.0,6.123233995736766e-17,10,0.8660254037844387,-0.4999999999999998,21,-0.7071067811865477,0.7071067811865474
238,1710108000,6.0802455,3,1.0,6.123233995736766e-17,10,0.8660254037844387,-0.4999999999999998,22,-0.5000000000000004,0.8660254037844384
239,1710111600,5.3902454,3,1.0,6.123233995736766e-17,10,0.8660254037844387,-0.4999999999999998,23,-0.25881904510252157,0.9659258262890681
240,1710115200,4.6202455,3,1.0,6.123233995736766e-17,11,0.7431448254773945,-0.6691306063588579,0,0.0,1.0
241,1710118800,3.8802452,3,1.0,6.123233995736766e-17,11,0.7431448254773945,-0.6691306063588579,1,0.25881904510252074,0.9659258262890683
242,1710122400,3.0802455,3,1.0,6.123233995736766e-17,11,0.7431448254773945,-0.6691306063588579,2,0.49999999999999994,0.8660254037844387
243,1710126000,2.7002454,3,1.0,6.123233995736766e-17,11,0.7431448254773945,-0.6691306063588579,3,0.7071067811865475,0.7071067811865476
244,1710129600,2.8102455,3,1.0,6.123233995736766e-17,11,0.7431448254773945,-0.6691306063588579,4,0.8660254037844386,0.5000000000000001
245,1710133200,2.7102456,3,1.0,6.123233995736766e-17,11,0.7431448254773945,-0.6691306063588579,5,0.9659258262890683,0.25881904510252074
246,1710136800,2.7102456,3,1.0,6.123233995736766e-17,11,0.7431448254773945,-0.6691306063588579,6,1.0,6.123233995736766e-17
247,1710140400,3.8702455,3,1.0,6.123233995736766e-17,11,0.7431448254773945,-0.6691306063588579,7,0.9659258262890683,-0.25881904510252063
248,1710144000,6.1402454,3,1.0,6.123233995736766e-17,11,0.7431448254773945,-0.6691306063588579,8,0.8660254037844387,-0.4999999999999998
249,1710147600,8.210245,3,1.0,6.123233995736766e-17,11,0.7431448254773945,-0.6691306063588579,9,0.7071067811865476,-0.7071067811865475
250,1710151200,9.820246,3,1.0,6.123233995736766e-17,11,0.7431448254773945,-0.6691306063588579,10,0.49999999999999994,-0.8660254037844387
251,1710154800,10.990245,3,1.0,6.123233995736766e-17,11,0.7431448254773945,-0.6691306063588579,11,0.258819045102521,-0.9659258262890682
252,1710158400,11.720245,3,1.0,6.123233995736766e-17,11,0.7431448254773945,-0.6691306063588579,12,1.2246467991473532e-16,-1.0
253,1710162000,12.270246,3,1.0,6.123233995736766e-17,11,0.7431448254773945,-0.6691306063588579,13,-0.2588190451025208,-0.9659258262890683
254,1710165600,12.8102455,3,1.0,6.123233995736766e-17,11,0.7431448254773945,-0.6691306063588579,14,-0.4999999999999997,-0.8660254037844388
255,1710169200,12.5602455,3,1.0,6.123233995736766e-17,11,0.7431448254773945,-0.6691306063588579,15,-0.7071067811865471,-0.7071067811865479
256,1710172800,11.970245,3,1.0,6.123233995736766e-17,11,0.7431448254773945,-0.6691306063588579,16,-0.8660254037844384,-0.5000000000000004
257,1710176400,10.160245,3,1.0,6.123233995736766e-17,11,0.7431448254773945,-0.6691306063588579,17,-0.9659258262890683,-0.25881904510252063
258,1710180000,8.3102455,3,1.0,6.123233995736766e-17,11,0.7431448254773945,-0.6691306063588579,18,-1.0,-1.8369701987210297e-16
259,1710183600,6.920245,3,1.0,6.123233995736766e-17,11,0.7431448254773945,-0.6691306063588579,19,-0.9659258262890684,0.2588190451025203
260,1710187200,6.5102453,3,1.0,6.123233995736766e-17,11,0.7431448254773945,-0.6691306063588579,20,-0.8660254037844386,0.5000000000000001
261,1710190800,6.2402453,3,1.0,6.123233995736766e-17,11,0.7431448254773945,-0.6691306063588579,21,-0.7071067811865477,0.7071067811865474
262,1710194400,6.110245,3,1.0,6.123233995736766e-17,11,0.7431448254773945,-0.6691306063588579,22,-0.5000000000000004,0.8660254037844384
263,1710198000,5.4502454,3,1.0,6.123233995736766e-17,11,0.7431448254773945,-0.6691306063588579,23,-0.25881904510252157,0.9659258262890681
264,1710201600,5.130245,3,1.0,6.123233995736766e-17,12,0.5877852522924732,-0.8090169943749473,0,0.0,1.0
265,1710205200,5.1002455,3,1.0,6.123233995736766e-17,12,0.5877852522924732,-0.8090169943749473,1,0.25881904510252074,0.9659258262890683
266,1710208800,5.3102455,3,1.0,6.123233995736766e-17,12,0.5877852522924732,-0.8090169943749473,2,0.49999999999999994,0.8660254037844387
267,1710212400,5.8102455,3,1.0,6.123233995736766e-17,12,0.5877852522924732,-0.8090169943749473,3,0.7071067811865475,0.7071067811865476
268,1710216000,6.130245,3,1.0,6.123233995736766e-17,12,0.5877852522924732,-0.8090169943749473,4,0.8660254037844386,0.5000000000000001
269,1710219600,6.440245,3,1.0,6.123233995736766e-17,12,0.5877852522924732,-0.8090169943749473,5,0.9659258262890683,0.25881904510252074
270,1710223200,6.8502455,3,1.0,6.123233995736766e-17,12,0.5877852522924732,-0.8090169943749473,6,1.0,6.123233995736766e-17
271,1710226800,7.0302453,3,1.0,6.123233995736766e-17,12,0.5877852522924732,-0.8090169943749473,7,0.9659258262890683,-0.25881904510252063
272,1710230400,7.480245,3,1.0,6.123233995736766e-17,12,0.5877852522924732,-0.8090169943749473,8,0.8660254037844387,-0.4999999999999998
273,1710234000,8.160246,3,1.0,6.123233995736766e-17,12,0.5877852522924732,-0.8090169943749473,9,0.7071067811865476,-0.7071067811865475
274,1710237600,8.460245,3,1.0,6.123233995736766e-17,12,0.5877852522924732,-0.8090169943749473,10,0.49999999999999994,-0.8660254037844387
275,1710241200,9.030245,3,1.0,6.123233995736766e-17,12,0.5877852522924732,-0.8090169943749473,11,0.258819045102521,-0.9659258262890682
276,1710244800,9.260245,3,1.0,6.123233995736766e-17,12,0.5877852522924732,-0.8090169943749473,12,1.2246467991473532e-16,-1.0
277,1710248400,9.490245,3,1.0,6.123233995736766e-17,12,0.5877852522924732,-0.8090169943749473,13,-0.2588190451025208,-0.9659258262890683
278,1710252000,9.640245,3,1.0,6.123233995736766e-17,12,0.5877852522924732,-0.8090169943749473,14,-0.4999999999999997,-0.8660254037844388
279,1710255600,9.730246,3,1.0,6.123233995736766e-17,12,0.5877852522924732,-0.8090169943749473,15,-0.7071067811865471,-0.7071067811865479
280,1710259200,9.590245,3,1.0,6.123233995736766e-17,12,0.5877852522924732,-0.8090169943749473,16,-0.8660254037844384,-0.5000000000000004
281,1710262800,9.090245,3,1.0,6.123233995736766e-17,12,0.5877852522924732,-0.8090169943749473,17,-0.9659258262890683,-0.25881904510252063
282,1710266400,8.470245,3,1.0,6.123233995736766e-17,12,0.5877852522924732,-0.8090169943749473,18,-1.0,-1.8369701987210297e-16
283,1710270000,8.170245,3,1.0,6.123233995736766e-17,12,0.5877852522924732,-0.8090169943749473,19,-0.9659258262890684,0.2588190451025203
284,1710273600,7.8202453,3,1.0,6.123233995736766e-17,12,0.5877852522924732,-0.8090169943749473,20,-0.8660254037844386,0.5000000000000001
285,1710277200,7.5602455,3,1.0,6.123233995736766e-17,12,0.5877852522924732,-0.8090169943749473,21,-0.7071067811865477,0.7071067811865474
286,1710280800,7.4902453,3,1.0,6.123233995736766e-17,12,0.5877852522924732,-0.8090169943749473,22,-0.5000000000000004,0.8660254037844384
287,1710284400,7.5102453,3,1.0,6.123233995736766e-17,12,0.5877852522924732,-0.8090169943749473,23,-0.25881904510252157,0.9659258262890681
288,1710288000,7.630245,3,1.0,6.123233995736766e-17,13,0.40673664307580004,-0.913545457642601,0,0.0,1.0
289,1710291600,7.7802453,3,1.0,6.123233995736766e-17,13,0.40673664307580004,-0.913545457642601,1,0.25881904510252074,0.9659258262890683
290,1710295200,7.9302454,3,1.0,6.123233995736766e-17,13,0.40673664307580004,-0.913545457642601,2,0.49999999999999994,0.8660254037844387
291,1710298800,8.020246,3,1.0,6.123233995736766e-17,13,0.40673664307580004,-0.913545457642601,3,0.7071067811865475,0.7071067811865476
292,1710302400,8.200246,3,1.0,6.123233995736766e-17,13,0.40673664307580004,-0.913545457642601,4,0.8660254037844386,0.5000000000000001
293,1710306000,8.350245,3,1.0,6.123233995736766e-17,13,0.40673664307580004,-0.913545457642601,5,0.9659258262890683,0.25881904510252074
294,1710309600,8.540245,3,1.0,6.123233995736766e-17,13,0.40673664307580004,-0.913545457642601,6,1.0,6.123233995736766e-17
295,1710313200,8.860246,3,1.0,6.123233995736766e-17,13,0.40673664307580004,-0.913545457642601,7,0.9659258262890683,-0.25881904510252063
296,1710316800,9.450245,3,1.0,6.123233995736766e-17,13,0.40673664307580004,-0.913545457642601,8,0.8660254037844387,-0.4999999999999998
297,1710320400,10.010245,3,1.0,6.123233995736766e-17,13,0.40673664307580004,-0.913545457642601,9,0.7071067811865476,-0.7071067811865475
298,1710324000,10.540245,3,1.0,6.123233995736766e-17,13,0.40673664307580004,-0.913545457642601,10,0.49999999999999994,-0.8660254037844387
299,1710327600,11.370245,3,1.0,6.123233995736766e-17,13,0.40673664307580004,-0.913545457642601,11,0.258819045102521,-0.9659258262890682
300,1710331200,12.170245,3,1.0,6.123233995736766e-17,13,0.40673664307580004,-0.913545457642601,12,1.2246467991473532e-16,-1.0
301,1710334800,12.910245,3,1.0,6.123233995736766e-17,13,0.40673664307580004,-0.913545457642601,13,-0.2588190451025208,-0.9659258262890683
302,1710338400,12.940246,3,1.0,6.123233995736766e-17,13,0.40673664307580004,-0.913545457642601,14,-0.4999999999999997,-0.8660254037844388
303,1710342000,13.050245,3,1.0,6.123233995736766e-17,13,0.40673664307580004,-0.913545457642601,15,-0.7071067811865471,-0.7071067811865479
304,1710345600,12.670245,3,1.0,6.123233995736766e-17,13,0.40673664307580004,-0.913545457642601,16,-0.8660254037844384,-0.5000000000000004
305,1710349200,11.910245,3,1.0,6.123233995736766e-17,13,0.40673664307580004,-0.913545457642601,17,-0.9659258262890683,-0.25881904510252063
306,1710352800,10.820246,3,1.0,6.123233995736766e-17,13,0.40673664307580004,-0.913545457642601,18,-1.0,-1.8369701987210297e-16
307,1710356400,9.110246,3,1.0,6.123233995736766e-17,13,0.40673664307580004,-0.913545457642601,19,-0.9659258262890684,0.2588190451025203
308,1710360000,7.9902453,3,1.0,6.123233995736766e-17,13,0.40673664307580004,-0.913545457642601,20,-0.8660254037844386,0.5000000000000001
309,1710363600,7.6802454,3,1.0,6.123233995736766e-17,13,0.40673664307580004,-0.913545457642601,21,-0.7071067811865477,0.7071067811865474
310,1710367200,7.1402454,3,1.0,6.123233995736766e-17,13,0.40673664307580004,-0.913545457642601,22,-0.5000000000000004,0.8660254037844384
311,1710370800,6.8502455,3,1.0,6.123233995736766e-17,13,0.40673664307580004,-0.913545457642601,23,-0.25881904510252157,0.9659258262890681
312,1710374400,6.5102453,3,1.0,6.123233995736766e-17,14,0.20791169081775931,-0.9781476007338057,0,0.0,1.0
313,1710378000,5.8302455,3,1.0,6.123233995736766e-17,14,0.20791169081775931,-0.9781476007338057,1,0.25881904510252074,0.9659258262890683
314,1710381600,5.770245,3,1.0,6.123233995736766e-17,14,0.20791169081775931,-0.9781476007338057,2,0.49999999999999994,0.8660254037844387
315,1710385200,5.690245,3,1.0,6.123233995736766e-17,14,0.20791169081775931,-0.9781476007338057,3,0.7071067811865475,0.7071067811865476
316,1710388800,5.5102453,3,1.0,6.123233995736766e-17,14,0.20791169081775931,-0.9781476007338057,4,0.8660254037844386,0.5000000000000001
317,1710392400,5.2002454,3,1.0,6.123233995736766e-17,14,0.20791169081775931,-0.9781476007338057,5,0.9659258262890683,0.25881904510252074
318,1710396000,4.940245,3,1.0,6.123233995736766e-17,14,0.20791169081775931,-0.9781476007338057,6,1.0,6.123233995736766e-17
319,1710399600,5.8202453,3,1.0,6.123233995736766e-17,14,0.20791169081775931,-0.9781476007338057,7,0.9659258262890683,-0.25881904510252063
320,1710403200,7.6802454,3,1.0,6.123233995736766e-17,14,0.20791169081775931,-0.9781476007338057,8,0.8660254037844387,-0.4999999999999998
321,1710406800,9.650246,3,1.0,6.123233995736766e-17,14,0.20791169081775931,-0.9781476007338057,9,0.7071067811865476,-0.7071067811865475
322,1710410400,12.240245,3,1.0,6.123233995736766e-17,14,0.20791169081775931,-0.9781476007338057,10,0.49999999999999994,-0.8660254037844387
323,1710414000,13.850245,3,1.0,6.123233995736766e-17,14,0.20791169081775931,-0.9781476007338057,11,0.258819045102521,-0.9659258262890682
324,1710417600,15.430245,3,1.0,6.123233995736766e-17,14,0.20791169081775931,-0.9781476007338057,12,1.2246467991473532e-16,-1.0
325,1710421200,16.800245,3,1.0,6.123233995736766e-17,14,0.20791169081775931,-0.9781476007338057,13,-0.2588190451025208,-0.9659258262890683
326,1710424800,17.700245,3,1.0,6.123233995736766e-17,14,0.20791169081775931,-0.9781476007338057,14,-0.4999999999999997,-0.8660254037844388
327,1710428400,17.930244,3,1.0,6.123233995736766e-17,14,0.20791169081775931,-0.9781476007338057,15,-0.7071067811865471,-0.7071067811865479
328,1710432000,17.340246,3,1.0,6.123233995736766e-17,14,0.20791169081775931,-0.9781476007338057,16,-0.8660254037844384,-0.5000000000000004
329,1710435600,15.300245,3,1.0,6.123233995736766e-17,14,0.20791169081775931,-0.9781476007338057,17,-0.9659258262890683,-0.25881904510252063
330,1710439200,12.090245,3,1.0,6.123233995736766e-17,14,0.20791169081775931,-0.9781476007338057,18,-1.0,-1.8369701987210297e-16
331,1710442800,10.720245,3,1.0,6.123233995736766e-17,14,0.20791169081775931,-0.9781476007338057,19,-0.9659258262890684,0.2588190451025203
332,1710446400,9.440246,3,1.0,6.123233995736766e-17,14,0.20791169081775931,-0.9781476007338057,20,-0.8660254037844386,0.5000000000000001
333,1710450000,8.900246,3,1.0,6.123233995736766e-17,14,0.20791169081775931,-0.9781476007338057,21,-0.7071067811865477,0.7071067811865474
334,1710453600,9.110246,3,1.0,6.123233995736766e-17,14,0.20791169081775931,-0.9781476007338057,22,-0.5000000000000004,0.8660254037844384
335,1710457200,8.770246,3,1.0,6.123233995736766e-17,14,0.20791169081775931,-0.9781476007338057,23,-0.25881904510252157,0.9659258262890681
336,1710460800,8.650246,3,1.0,6.123233995736766e-17,15,5.66553889764798e-16,-1.0,0,0.0,1.0
337,1710464400,8.930245,3,1.0,6.123233995736766e-17,15,5.66553889764798e-16,-1.0,1,0.25881904510252074,0.9659258262890683
338,1710468000,9.300245,3,1.0,6.123233995736766e-17,15,5.66553889764798e-16,-1.0,2,0.49999999999999994,0.8660254037844387
339,1710471600,9.460245,3,1.0,6.123233995736766e-17,15,5.66553889764798e-16,-1.0,3,0.7071067811865475,0.7071067811865476
340,1710475200,9.350245,3,1.0,6.123233995736766e-17,15,5.66553889764798e-16,-1.0,4,0.8660254037844386,0.5000000000000001
341,1710478800,8.930245,3,1.0,6.123233995736766e-17,15,5.66553889764798e-16,-1.0,5,0.9659258262890683,0.25881904510252074
342,1710482400,8.930245,3,1.0,6.123233995736766e-17,15,5.66553889764798e-16,-1.0,6,1.0,6.123233995736766e-17
343,1710486000,10.850245,3,1.0,6.123233995736766e-17,15,5.66553889764798e-16,-1.0,7,0.9659258262890683,-0.25881904510252063
344,1710489600,12.750245,3,1.0,6.123233995736766e-17,15,5.66553889764798e-16,-1.0,8,0.8660254037844387,-0.4999999999999998
345,1710493200,13.840245,3,1.0,6.123233995736766e-17,15,5.66553889764798e-16,-1.0,9,0.7071067811865476,-0.7071067811865475
346,1710496800,14.580245,3,1.0,6.123233995736766e-17,15,5.66553889764798e-16,-1.0,10,0.49999999999999994,-0.8660254037844387
347,1710500400,15.190246,3,1.0,6.123233995736766e-17,15,5.66553889764798e-16,-1.0,11,0.258819045102521,-0.9659258262890682
348,1710504000,15.750245,3,1.0,6.123233995736766e-17,15,5.66553889764798e-16,-1.0,12,1.2246467991473532e-16,-1.0
349,1710507600,15.970245,3,1.0,6.123233995736766e-17,15,5.66553889764798e-16,-1.0,13,-0.2588190451025208,-0.9659258262890683
350,1710511200,16.220245,3,1.0,6.123233995736766e-17,15,5.66553889764798e-16,-1.0,14,-0.4999999999999997,-0.8660254037844388
351,1710514800,16.410246,3,1.0,6.123233995736766e-17,15,5.66553889764798e-16,-1.0,15,-0.7071067811865471,-0.7071067811865479
352,1710518400,16.090246,3,1.0,6.123233995736766e-17,15,5.66553889764798e-16,-1.0,16,-0.8660254037844384,-0.5000000000000004
353,1710522000,14.720245,3,1.0,6.123233995736766e-17,15,5.66553889764798e-16,-1.0,17,-0.9659258262890683,-0.25881904510252063
354,1710525600,13.050245,3,1.0,6.123233995736766e-17,15,5.66553889764798e-16,-1.0,18,-1.0,-1.8369701987210297e-16
355,1710529200,12.080245,3,1.0,6.123233995736766e-17,15,5.66553889764798e-16,-1.0,19,-0.9659258262890684,0.2588190451025203
356,1710532800,10.890245,3,1.0,6.123233995736766e-17,15,5.66553889764798e-16,-1.0,20,-0.8660254037844386,0.5000000000000001
357,1710536400,9.950245,3,1.0,6.123233995736766e-17,15,5.66553889764798e-16,-1.0,21,-0.7071067811865477,0.7071067811865474
358,1710540000,9.750245,3,1.0,6.123233995736766e-17,15,5.66553889764798e-16,-1.0,22,-0.5000000000000004,0.8660254037844384
359,1710543600,9.930245,3,1.0,6.123233995736766e-17,15,5.66553889764798e-16,-1.0,23,-0.25881904510252157,0.9659258262890681
360,1710547200,10.210245,3,1.0,6.123233995736766e-17,16,-0.20791169081775907,-0.9781476007338057,0,0.0,1.0
361,1710550800,10.3102455,3,1.0,6.123233995736766e-17,16,-0.20791169081775907,-0.9781476007338057,1,0.25881904510252074,0.9659258262890683
362,1710554400,10.3102455,3,1.0,6.123233995736766e-17,16,-0.20791169081775907,-0.9781476007338057,2,0.49999999999999994,0.8660254037844387
363,1710558000,10.300245,3,1.0,6.123233995736766e-17,16,-0.20791169081775907,-0.9781476007338057,3,0.7071067811865475,0.7071067811865476
364,1710561600,10.300245,3,1.0,6.123233995736766e-17,16,-0.20791169081775907,-0.9781476007338057,4,0.8660254037844386,0.5000000000000001
365,1710565200,10.220245,3,1.0,6.123233995736766e-17,16,-0.20791169081775907,-0.9781476007338057,5,0.9659258262890683,0.25881904510252074
366,1710568800,10.220245,3,1.0,6.123233995736766e-17,16,-0.20791169081775907,-0.9781476007338057,6,1.0,6.123233995736766e-17
367,1710572400,10.610246,3,1.0,6.123233995736766e-17,16,-0.20791169081775907,-0.9781476007338057,7,0.9659258262890683,-0.25881904510252063
368,1710576000,11.110246,3,1.0,6.123233995736766e-17,16,-0.20791169081775907,-0.9781476007338057,8,0.8660254037844387,-0.4999999999999998
369,1710579600,11.770246,3,1.0,6.123233995736766e-17,16,-0.20791169081775907,-0.9781476007338057,9,0.7071067811865476,-0.7071067811865475
370,1710583200,12.260245,3,1.0,6.123233995736766e-17,16,-0.20791169081775907,-0.9781476007338057,10,0.49999999999999994,-0.8660254037844387
371,1710586800,12.650246,3,1.0,6.123233995736766e-17,16,-0.20791169081775907,-0.9781476007338057,11,0.258819045102521,-0.9659258262890682
372,1710590400,13.340245,3,1.0,6.123233995736766e-17,16,-0.20791169081775907,-0.9781476007338057,12,1.2246467991473532e-16,-1.0
373,1710594000,13.740245,3,1.0,6.123233995736766e-17,16,-0.20791169081775907,-0.9781476007338057,13,-0.2588190451025208,-0.9659258262890683
374,1710597600,13.780245,3,1.0,6.123233995736766e-17,16,-0.20791169081775907,-0.9781476007338057,14,-0.4999999999999997,-0.8660254037844388
375,1710601200,14.040245,3,1.0,6.123233995736766e-17,16,-0.20791169081775907,-0.9781476007338057,15,-0.7071067811865471,-0.7071067811865479
376,1710604800,13.330245,3,1.0,6.123233995736766e-17,16,-0.20791169081775907,-0.9781476007338057,16,-0.8660254037844384,-0.5000000000000004
377,1710608400,12.670245,3,1.0,6.123233995736766e-17,16,-0.20791169081775907,-0.9781476007338057,17,-0.9659258262890683,-0.25881904510252063
378,1710612000,11.200245,3,1.0,6.123233995736766e-17,16,-0.20791169081775907,-0.9781476007338057,18,-1.0,-1.8369701987210297e-16
379,1710615600,10.080245,3,1.0,6.123233995736766e-17,16,-0.20791169081775907,-0.9781476007338057,19,-0.9659258262890684,0.2588190451025203
380,1710619200,9.030245,3,1.0,6.123233995736766e-17,16,-0.20791169081775907,-0.9781476007338057,20,-0.8660254037844386,0.5000000000000001
381,1710622800,8.400246,3,1.0,6.123233995736766e-17,16,-0.20791169081775907,-0.9781476007338057,21,-0.7071067811865477,0.7071067811865474
382,1710626400,8.280246,3,1.0,6.123233995736766e-17,16,-0.20791169081775907,-0.9781476007338057,22,-0.5000000000000004,0.8660254037844384
383,1710630000,7.460245,3,1.0,6.123233995736766e-17,16,-0.20791169081775907,-0.9781476007338057,23,-0.25881904510252157,0.9659258262890681
384,1710633600,7.5602455,3,1.0,6.123233995736766e-17,17,-0.4067366430758002,-0.9135454576426009,0,0.0,1.0
385,1710637200,7.150245,3,1.0,6.123233995736766e-17,17,-0.4067366430758002,-0.9135454576426009,1,0.25881904510252074,0.9659258262890683
386,1710640800,7.1002455,3,1.0,6.123233995736766e-17,17,-0.4067366430758002,-0.9135454576426009,2,0.49999999999999994,0.8660254037844387
387,1710644400,6.6402454,3,1.0,6.123233995736766e-17,17,-0.4067366430758002,-0.9135454576426009,3,0.7071067811865475,0.7071067811865476
388,1710648000,6.3402452,3,1.0,6.123233995736766e-17,17,-0.4067366430758002,-0.9135454576426009,4,0.8660254037844386,0.5000000000000001
389,1710651600,5.6802454,3,1.0,6.123233995736766e-17,17,-0.4067366430758002,-0.9135454576426009,5,0.9659258262890683,0.25881904510252074
390,1710655200,5.8202453,3,1.0,6.123233995736766e-17,17,-0.4067366430758002,-0.9135454576426009,6,1.0,6.123233995736766e-17
391,1710658800,6.5502453,3,1.0,6.123233995736766e-17,17,-0.4067366430758002,-0.9135454576426009,7,0.9659258262890683,-0.25881904510252063
392,1710662400,8.170245,3,1.0,6.123233995736766e-17,17,-0.4067366430758002,-0.9135454576426009,8,0.8660254037844387,-0.4999999999999998
393,1710666000,9.330245,3,1.0,6.123233995736766e-17,17,-0.4067366430758002,-0.9135454576426009,9,0.7071067811865476,-0.7071067811865475
394,1710669600,10.620245,3,1.0,6.123233995736766e-17,17,-0.4067366430758002,-0.9135454576426009,10,0.49999999999999994,-0.8660254037844387
395,1710673200,11.550245,3,1.0,6.123233995736766e-17,17,-0.4067366430758002,-0.9135454576426009,11,0.258819045102521,-0.9659258262890682
396,1710676800,12.300245,3,1.0,6.123233995736766e-17,17,-0.4067366430758002,-0.9135454576426009,12,1.2246467991473532e-16,-1.0
397,1710680400,12.780245,3,1.0,6.123233995736766e-17,17,-0.4067366430758002,-0.9135454576426009,13,-0.2588190451025208,-0.9659258262890683
398,1710684000,13.070246,3,1.0,6.123233995736766e-17,17,-0.4067366430758002,-0.9135454576426009,14,-0.4999999999999997,-0.8660254037844388
399,1710687600,13.160245,3,1.0,6.123233995736766e-17,17,-0.4067366430758002,-0.9135454576426009,15,-0.7071067811865471,-0.7071067811865479
400,1710691200,13.040245,3,1.0,6.123233995736766e-17,17,-0.4067366430758002,-0.9135454576426009,16,-0.8660254037844384,-0.5000000000000004
401,1710694800,12.040245,3,1.0,6.123233995736766e-17,17,-0.4067366430758002,-0.9135454576426009,17,-0.9659258262890683,-0.25881904510252063
402,1710698400,11.080245,3,1.0,6.123233995736766e-17,17,-0.4067366430758002,-0.9135454576426009,18,-1.0,-1.8369701987210297e-16
403,1710702000,11.090245,3,1.0,6.123233995736766e-17,17,-0.4067366430758002,-0.9135454576426009,19,-0.9659258262890684,0.2588190451025203
404,1710705600,10.700245,3,1.0,6.123233995736766e-17,17,-0.4067366430758002,-0.9135454576426009,20,-0.8660254037844386,0.5000000000000001
405,1710709200,10.100245,3,1.0,6.123233995736766e-17,17,-0.4067366430758002,-0.9135454576426009,21,-0.7071067811865477,0.7071067811865474
406,1710712800,9.920245,3,1.0,6.123233995736766e-17,17,-0.4067366430758002,-0.9135454576426009,22,-0.5000000000000004,0.8660254037844384
407,1710716400,9.360246,3,1.0,6.123233995736766e-17,17,-0.4067366430758002,-0.9135454576426009,23,-0.25881904510252157,0.9659258262890681
408,1710720000,9.300245,3,1.0,6.123233995736766e-17,18,-0.587785252292473,-0.8090169943749476,0,0.0,1.0
409,1710723600,9.170245,3,1.0,6.123233995736766e-17,18,-0.587785252292473,-0.8090169943749476,1,0.25881904510252074,0.9659258262890683
410,1710727200,9.010245,3,1.0,6.123233995736766e-17,18,-0.587785252292473,-0.8090169943749476,2,0.49999999999999994,0.8660254037844387
411,1710730800,9.270246,3,1.0,6.123233995736766e-17,18,-0.587785252292473,-0.8090169943749476,3,0.7071067811865475,0.7071067811865476
412,1710734400,9.220245,3,1.0,6.123233995736766e-17,18,-0.587785252292473,-0.8090169943749476,4,0.8660254037844386,0.5000000000000001
413,1710738000,9.290245,3,1.0,6.123233995736766e-17,18,-0.587785252292473,-0.8090169943749476,5,0.9659258262890683,0.25881904510252074
414,1710741600,9.360246,3,1.0,6.123233995736766e-17,18,-0.587785252292473,-0.8090169943749476,6,1.0,6.123233995736766e-17
415,1710745200,9.470245,3,1.0,6.123233995736766e-17,18,-0.587785252292473,-0.8090169943749476,7,0.9659258262890683,-0.25881904510252063
416,1710748800,9.700245,3,1.0,6.123233995736766e-17,18,-0.587785252292473,-0.8090169943749476,8,0.8660254037844387,-0.4999999999999998
417,1710752400,10.090245,3,1.0,6.123233995736766e-17,18,-0.587785252292473,-0.8090169943749476,9,0.7071067811865476,-0.7071067811865475
418,1710756000,10.990245,3,1.0,6.123233995736766e-17,18,-0.587785252292473,-0.8090169943749476,10,0.49999999999999994,-0.8660254037844387
419,1710759600,12.070246,3,1.0,6.123233995736766e-17,18,-0.587785252292473,-0.8090169943749476,11,0.258819045102521,-0.9659258262890682
420,1710763200,12.950245,3,1.0,6.123233995736766e-17,18,-0.587785252292473,-0.8090169943749476,12,1.2246467991473532e-16,-1.0
421,1710766800,13.960245,3,1.0,6.123233995736766e-17,18,-0.587785252292473,-0.8090169943749476,13,-0.2588190451025208,-0.9659258262890683
422,1710770400,14.290245,3,1.0,6.123233995736766e-17,18,-0.587785252292473,-0.8090169943749476,14,-0.4999999999999997,-0.8660254037844388
423,1710774000,14.390245,3,1.0,6.123233995736766e-17,18,-0.587785252292473,-0.8090169943749476,15,-0.7071067811865471,-0.7071067811865479
424,1710777600,14.220245,3,1.0,6.123233995736766e-17,18,-0.587785252292473,-0.8090169943749476,16,-0.8660254037844384,-0.5000000000000004
425,1710781200,12.890245,3,1.0,6.123233995736766e-17,18,-0.587785252292473,-0.8090169943749476,17,-0.9659258262890683,-0.25881904510252063
426,1710784800,11.120245,3,1.0,6.123233995736766e-17,18,-0.587785252292473,-0.8090169943749476,18,-1.0,-1.8369701987210297e-16
427,1710788400,10.510245,3,1.0,6.123233995736766e-17,18,-0.587785252292473,-0.8090169943749476,19,-0.9659258262890684,0.2588190451025203
428,1710792000,9.940246,3,1.0,6.123233995736766e-17,18,-0.587785252292473,-0.8090169943749476,20,-0.8660254037844386,0.5000000000000001
429,1710795600,9.670245,3,1.0,6.123233995736766e-17,18,-0.587785252292473,-0.8090169943749476,21,-0.7071067811865477,0.7071067811865474
430,1710799200,9.100245,3,1.0,6.123233995736766e-17,18,-0.587785252292473,-0.8090169943749476,22,-0.5000000000000004,0.8660254037844384
431,1710802800,8.780245,3,1.0,6.123233995736766e-17,18,-0.587785252292473,-0.8090169943749476,23,-0.25881904510252157,0.9659258262890681
432,1710806400,8.400246,3,1.0,6.123233995736766e-17,19,-0.743144825477394,-0.6691306063588585,0,0.0,1.0
433,1710810000,8.210245,3,1.0,6.123233995736766e-17,19,-0.743144825477394,-0.6691306063588585,1,0.25881904510252074,0.9659258262890683
434,1710813600,7.8302455,3,1.0,6.123233995736766e-17,19,-0.743144825477394,-0.6691306063588585,2,0.49999999999999994,0.8660254037844387
435,1710817200,7.290245,3,1.0,6.123233995736766e-17,19,-0.743144825477394,-0.6691306063588585,3,0.7071067811865475,0.7071067811865476
436,1710820800,7.0502453,3,1.0,6.123233995736766e-17,19,-0.743144825477394,-0.6691306063588585,4,0.8660254037844386,0.5000000000000001
437,1710824400,6.8302455,3,1.0,6.123233995736766e-17,19,-0.743144825477394,-0.6691306063588585,5,0.9659258262890683,0.25881904510252074
438,1710828000,6.960245,3,1.0,6.123233995736766e-17,19,-0.743144825477394,-0.6691306063588585,6,1.0,6.123233995736766e-17
439,1710831600,7.710245,3,1.0,6.123233995736766e-17,19,-0.743144825477394,-0.6691306063588585,7,0.9659258262890683,-0.25881904510252063
440,1710835200,8.800245,3,1.0,6.123233995736766e-17,19,-0.743144825477394,-0.6691306063588585,8,0.8660254037844387,-0.4999999999999998
441,1710838800,9.980246,3,1.0,6.123233995736766e-17,19,-0.743144825477394,-0.6691306063588585,9,0.7071067811865476,-0.7071067811865475
442,1710842400,11.960245,3,1.0,6.123233995736766e-17,19,-0.743144825477394,-0.6691306063588585,10,0.49999999999999994,-0.8660254037844387
443,1710846000,13.430245,3,1.0,6.123233995736766e-17,19,-0.743144825477394,-0.6691306063588585,11,0.258819045102521,-0.9659258262890682
444,1710849600,14.590245,3,1.0,6.123233995736766e-17,19,-0.743144825477394,-0.6691306063588585,12,1.2246467991473532e-16,-1.0
445,1710853200,15.700245,3,1.0,6.123233995736766e-17,19,-0.743144825477394,-0.6691306063588585,13,-0.2588190451025208,-0.9659258262890683
446,1710856800,16.300245,3,1.0,6.123233995736766e-17,19,-0.743144825477394,-0.6691306063588585,14,-0.4999999999999997,-0.8660254037844388
447,1710860400,16.570246,3,1.0,6.123233995736766e-17,19,-0.743144825477394,-0.6691306063588585,15,-0.7071067811865471,-0.7071067811865479
448,1710864000,16.340246,3,1.0,6.123233995736766e-17,19,-0.743144825477394,-0.6691306063588585,16,-0.8660254037844384,-0.5000000000000004
449,1710867600,15.180245,3,1.0,6.123233995736766e-17,19,-0.743144825477394,-0.6691306063588585,17,-0.9659258262890683,-0.25881904510252063
450,1710871200,13.160245,3,1.0,6.123233995736766e-17,19,-0.743144825477394,-0.6691306063588585,18,-1.0,-1.8369701987210297e-16
451,1710874800,12.250245,3,1.0,6.123233995736766e-17,19,-0.743144825477394,-0.6691306063588585,19,-0.9659258262890684,0.2588190451025203
452,1710878400,9.730246,3,1.0,6.123233995736766e-17,19,-0.743144825477394,-0.6691306063588585,20,-0.8660254037844386,0.5000000000000001
453,1710882000,7.8902454,3,1.0,6.123233995736766e-17,19,-0.743144825477394,-0.6691306063588585,21,-0.7071067811865477,0.7071067811865474
454,1710885600,6.8702455,3,1.0,6.123233995736766e-17,19,-0.743144825477394,-0.6691306063588585,22,-0.5000000000000004,0.8660254037844384
455,1710889200,6.360245,3,1.0,6.123233995736766e-17,19,-0.743144825477394,-0.6691306063588585,23,-0.25881904510252157,0.9659258262890681
